{
  "id": "9940088b-dfe7-4ac8-86e8-923bd25da78d",
  "generation": 7,
  "iteration": 124,
  "current_iteration": 130,
  "metrics": {
    "avg_btb": 0.0008834100000000001,
    "combined_score": 0.6893856065784568,
    "eval_time": 30.75623069,
    "memory": 371200.0
  },
  "language": "rust",
  "timestamp": 1766158191.9011133,
  "saved_at": 1766159716.4455297
}