{
  "id": "f440304e-6227-4179-99c7-c195f45bf00c",
  "generation": 2,
  "iteration": 8,
  "current_iteration": 20,
  "metrics": {
    "avg_btb": 0.00065841,
    "combined_score": 0.3252870166533226,
    "eval_time": 0.30749331,
    "memory": 371200.0
  },
  "language": "rust",
  "timestamp": 1766142469.0443084,
  "saved_at": 1766143097.049242
}