{
  "nu_1.0_combined_score": 0.6638293548348706,
  "nu_1.0_nrmse": 0.001506411237642169,
  "nu_1.0_convergence_rate": -3.015332898611762,
  "nu_1.0_runtime_minutes": 12.771473093827565,
  "combined_score": 0.6638293548348706
}