{
  "id": "e81bcd7c-642c-493d-96e7-28f9d1c533da",
  "generation": 8,
  "iteration": 134,
  "current_iteration": 150,
  "metrics": {
    "avg_btb": 0.0008891400000000001,
    "combined_score": 0.7022470546166959,
    "eval_time": 43.598790013,
    "memory": 371200.0
  },
  "language": "rust",
  "timestamp": 1766160133.9912171,
  "saved_at": 1766163509.152476
}