{
  "combined_score": 0.38910315149024705,
  "runtime_seconds": 87.78,
  "sum_radii_for_n_26": 0.0,
  "ratio_to_sota_for_n_26": 0.0,
  "validity_for_n_26": 0.0,
  "message_for_n_26": "Circle 1 at (0.8946439270602085, 0.7208676227176816) with radius 0.10535607294020073 is outside the unit square",
  "sum_radii_for_n_27": 0.0,
  "ratio_to_sota_for_n_27": 0.0,
  "validity_for_n_27": 0.0,
  "message_for_n_27": "Circle 1 at (0.8946439270602085, 0.7208676227176816) with radius 0.10535607294020073 is outside the unit square",
  "sum_radii_for_n_28": 0.0,
  "ratio_to_sota_for_n_28": 0.0,
  "validity_for_n_28": 0.0,
  "message_for_n_28": "Circle 1 at (0.8946439270602085, 0.7208676227176816) with radius 0.10535607294020073 is outside the unit square",
  "sum_radii_for_n_29": 2.7237220604317294,
  "ratio_to_sota_for_n_29": 0.9762444661045625,
  "validity_for_n_29": 1.0,
  "sum_radii_for_n_30": 0.0,
  "ratio_to_sota_for_n_30": 0.0,
  "validity_for_n_30": 0.0,
  "message_for_n_30": "Circle 1 at (0.8946439270602085, 0.7208676227176816) with radius 0.10535607294020073 is outside the unit square",
  "sum_radii_for_n_31": 0.0,
  "ratio_to_sota_for_n_31": 0.0,
  "validity_for_n_31": 0.0,
  "message_for_n_31": "Circle 1 at (0.8946439270602085, 0.7208676227176816) with radius 0.10535607294020073 is outside the unit square",
  "sum_radii_for_n_32": 0.0,
  "ratio_to_sota_for_n_32": 0.0,
  "validity_for_n_32": 0.0,
  "message_for_n_32": "Circle 1 at (0.8946439270602085, 0.7208676227176816) with radius 0.10535607294020073 is outside the unit square",
  "overall_validity": 0.0
}