{
  "id": "1052de4d-4b43-4862-b7eb-b3f67ac3239c",
  "generation": 6,
  "iteration": 119,
  "current_iteration": 120,
  "metrics": {
    "avg_btb": 0.0008668,
    "combined_score": 0.6533284684440394,
    "eval_time": 24.343742431,
    "memory": 371200.0
  },
  "language": "rust",
  "timestamp": 1766157280.5659125,
  "saved_at": 1766157780.5810804
}