{
  "id": "fdba0907-492e-4826-b2e3-42195de1e93d",
  "generation": 14,
  "iteration": 200,
  "timestamp": 1766169526.050587,
  "parent_id": "bd91abf6-7110-49f2-b449-9e25ea0bf4f0",
  "metrics": {
    "avg_btb": 0.00091627,
    "combined_score": 0.7662361442843234,
    "eval_time": 127.864057633,
    "memory": 358400.0
  },
  "language": "rust",
  "saved_at": 1766169526.1569843
}