{
  "combined_score": 0.31848411850033215,
  "train_map": 0.5330009856990411,
  "valid_map": 0.49809356905982716,
  "test_map": 0.31848411850033215,
  "runtime_minutes": 11.37
}