{
  "combined_score": 0.803648329426078,
  "improvement_percentage_to_initial": 0.0,
  "runtime_minutes": 14.36,
  "eval_loss": 0.02417738549411297
}